{
    "color": {
        "array_format": {
            "depth": 1,
            "flip": [
                "depth"
            ],
            "frame": 0,
            "height": 2,
            "width": 3
        },
        "calibration": {
            "camera_matrix_opencv": [
                [
                    3509.2031227315774,
                    0.0,
                    489.6682717658752
                ],
                [
                    0.0,
                    3509.2031227315774,
                    942.6370968670548
                ],
                [
                    0.0,
                    0.0,
                    1.0
                ]
            ],
            "distortion_coefs_opencv": [
                [
                    2.699418491213432,
                    -137.76568930536,
                    0.029688335088185188,
                    -0.0013248546055706085,
                    -4265.32906083759
                ]
            ],
            "markers": [
                [
                    303.0,
                    664.0
                ],
                [
                    729.8570556640625,
                    662.2051391601562
                ],
                [
                    308.5,
                    1184.5
                ],
                [
                    739.7658081054688,
                    1173.4720458984375
                ]
            ]
        },
        "limits": [
            0,
            255
        ],
        "path": "/IntelSR300_BGR"
    },
    "depth": {
        "array_format": {
            "depth": 1,
            "frame": 0,
            "height": 2,
            "width": 3
        },
        "calibration": {
            "camera_matrix_opencv": [
                [
                    1635.0054448766664,
                    0.0,
                    229.47597627849996
                ],
                [
                    0.0,
                    1635.0054448766664,
                    345.04998509266676
                ],
                [
                    0.0,
                    0.0,
                    1.0
                ]
            ],
            "distortion_coefs_opencv": [
                [
                    3.0360115369845375,
                    -710.9496669994518,
                    0.0361793407814952,
                    0.02618741128892004,
                    -6.835105931703628
                ]
            ],
            "markers": [
                [
                    163.6220703125,
                    253.57113647460938
                ],
                [
                    310.5975341796875,
                    251.8557891845703
                ],
                [
                    165.5,
                    432.0
                ],
                [
                    313.54339599609375,
                    427.4227294921875
                ]
            ],
            "use_calibration_from": "infrared"
        },
        "limits": [
            2000,
            4000
        ],
        "path": "/IntelSR300_DEPTH"
    },
    "infrared": {
        "array_format": {
            "depth": 1,
            "frame": 0,
            "height": 2,
            "width": 3
        },
        "calibration": {
            "camera_matrix_opencv": [
                [
                    1635.0054448766664,
                    0.0,
                    229.47597627849996
                ],
                [
                    0.0,
                    1635.0054448766664,
                    345.04998509266676
                ],
                [
                    0.0,
                    0.0,
                    1.0
                ]
            ],
            "distortion_coefs_opencv": [
                [
                    3.0360115369845375,
                    -710.9496669994518,
                    0.0361793407814952,
                    0.02618741128892004,
                    -6.835105931703628
                ]
            ],
            "markers": [
                [
                    163.6220703125,
                    253.57113647460938
                ],
                [
                    310.5975341796875,
                    251.8557891845703
                ],
                [
                    165.5,
                    432.0
                ],
                [
                    313.54339599609375,
                    427.4227294921875
                ]
            ]
        },
        "limits": [
            4900,
            37500
        ],
        "path": "/IntelSR300_IR"
    },
    "lsci": {
        "array_format": {
            "depth": 1,
            "flip": [
                "height",
                "width"
            ],
            "frame": 0,
            "height": 2,
            "width": 3
        },
        "limits": [
            0,
            1000
        ],
        "path": "/Hamamatsu_LSCI_0{x}0{y}",
        "stitch": {
            "x": {
                "dim": 3,
                "labels": [
                    2,
                    3
                ]
            },
            "y": {
                "dim": 2,
                "labels": [
                    1,
                    2,
                    3,
                    4
                ]
            }
        }
    },
    "swir": {
        "array_format": {
            "depth": 1,
            "flip": [
                "height",
                "width"
            ],
            "frame": 0,
            "height": 2,
            "width": 3
        },
        "limits": [
            0,
            1000
        ],
        "path": "/Hamamatsu_SWIR_0{x}0{y}_{d}nm",
        "stitch": {
            "d": {
                "dim": 1,
                "labels": [
                    1200,
                    1300,
                    1450,
                    1550
                ]
            },
            "x": {
                "dim": 3,
                "labels": [
                    1,
                    2
                ]
            },
            "y": {
                "dim": 2,
                "labels": [
                    3,
                    2,
                    1
                ]
            }
        }
    },
    "swir_centered": {
        "array_format": {
            "depth": 1,
            "flip": [
                "height",
                "width"
            ],
            "frame": 0,
            "height": 2,
            "width": 3
        },
        "limits": [
            0,
            1000
        ],
        "path": "/Hamamatsu_SWIR_0000_{d}nm",
        "stitch": {
            "d": {
                "dim": 1,
                "labels": [
                    1200,
                    1300,
                    1450,
                    1550
                ]
            }
        }
    },
    "swir_centered_dark": {
        "array_format": {
            "depth": 1,
            "flip": [
                "height",
                "width"
            ],
            "frame": 0,
            "height": 2,
            "width": 3
        },
        "limits": [
            0,
            1000
        ],
        "path": "/Hamamatsu_SWIR_0000_{d}nm_Dark",
        "stitch": {
            "d": {
                "dim": 1,
                "labels": [
                    1200,
                    1300,
                    1450,
                    1550
                ]
            },
            "x": {
                "dim": 3,
                "labels": [
                    1,
                    2
                ]
            },
            "y": {
                "dim": 2,
                "labels": [
                    1,
                    2,
                    3
                ]
            }
        }
    },
    "swir_dark": {
        "array_format": {
            "depth": 1,
            "flip": [
                "height",
                "width"
            ],
            "frame": 0,
            "height": 2,
            "width": 3
        },